FEATURENAME,count,Missing Percentage,Cardinality,Minimum,1st Quartile,Mean,Median,3rd Quartile,Maximum,Standard Deviation
age,24318,0.0,75,16.0,31.0,39.9077226746,37.0,48.0,95.0,11.4382377342
balance,24318,0.0,5635,-8019.0,75.0,1347.70996792,451.0,1420.25,81204.0,2944.38392899
day,24318,0.0,31,1.0,8.0,15.7650711407,16.0,21.0,31.0,8.27320845748
duration,24318,0.0,1,0.0,0.0,0.0,0.0,0.0,0.0,0.0
campaign,24318,0.0,42,1.0,1.0,2.76905995559,2.0,3.0,63.0,3.06875229414
pdays,24318,0.0,478,-1.0,-1.0,41.0859445678,-1.0,-1.0,842.0,100.490569618
previous,24318,0.0,37,0.0,0.0,0.59112591496,0.0,0.0,58.0,1.97616638477
